t,y
0.11,17.5
0.14,49.98
0.18,59.5
0.22,62.58
0.27,62.5
0.3,59.78
0.34,58.5
0.38,59
0.41,59.5
0.45,59.5
0.5,60.39
0.54,60.9
0.57,61
0.6,60.5
0.64,61.56
0.67,60.42
0.7,61
0.74,61
0.77,60.5
0.8,60.59
0.84,60.59
0.87,60.5
0.9,60.33
0.94,60.81
0.97,60.56
1,60.57
1.04,60.5
1.07,59.88
1.1,41.5
1.14,-1
1.17,-1
1.2,-1
1.24,-1
1.27,1.5
1.3,41
1.34,57
1.37,62.04
1.4,81
1.44,77
1.47,60.6
1.5,60.27
1.54,59.75
1.57,61.12
1.6,60.67
1.64,60.57
1.67,60.36
1.7,60.35
1.74,60.5
1.77,60.5
1.8,61
1.84,60.47
1.87,59.93
1.91,60.23
1.94,60.5
1.97,59.8
2,60
2.04,61
2.07,60
2.1,60.32
2.14,60.12
2.17,60.6
2.2,59.61
2.24,59.74
2.27,58.95
2.3,5.5
2.34,-1
2.37,-1
2.4,19
2.44,54
2.47,60.5
2.5,61.5
2.54,63.97
2.57,58.96
2.6,59.91
2.64,60.67
2.67,60.01
2.7,60.15
2.74,60.87
2.77,60.5
2.8,60.66
2.84,60.1
2.87,60.99
2.91,61.25
2.94,60.5
2.97,60.25
3,61.9
3.04,61.65
3.07,61.77
3.1,61.71
3.14,61.58
3.17,61.38
3.2,60.85
3.24,60.94
3.27,61.07
3.31,62.5
3.34,61.5
3.37,61.73
3.4,61.43
3.44,61.66
3.47,61.44
3.51,63.72
3.54,63.5
3.57,60.76
3.6,63.79
3.64,62.36
3.67,65
3.7,65
3.74,59.22
3.77,60.67
3.8,60.01
3.84,67.64
3.87,66.01
3.91,65.39
3.94,64.12
3.97,61.49
4,61.78
4.04,59.88
4.07,57.9
4.1,59.29
4.14,59.56
4.17,56.78
4.2,55.85
4.24,54.89
4.27,55.44
4.3,56.96
4.34,56.44
4.37,55.64
4.4,55.5
4.44,55.7
4.47,60.27
4.5,61.7
4.54,61.26
4.57,70.47
4.6,57.65
4.64,58.25
4.67,58.88
4.7,58.44
4.74,59.5
4.77,59.12
4.8,58.36
4.84,58.67
4.87,57.53
4.9,56.47
4.94,56.5
4.97,56.5
5,56
5.04,56.5
5.07,56.41
5.1,56.54
5.14,56
5.17,56.5
5.2,56
5.24,56.5
5.27,56.5
5.3,56.5
5.34,57.22
5.37,57.5
5.4,57.08
5.44,57.28
5.47,58.26
5.51,57.5
5.54,58.27
5.57,57.29
5.6,57.33
5.64,58.27
5.67,58.27
5.7,57.44
5.74,58.55
5.77,58.32
5.8,58.47
5.84,58
5.87,58
5.9,58.09
5.94,58.72
5.97,58.73
6,58
6.04,58
6.07,57.5
6.1,58.67
6.14,58.38
6.17,56.88
6.2,58.06
6.24,57.96
6.27,58.07
6.3,58.44
6.34,58.54
6.37,58
6.4,58
6.44,58
6.47,58.5
6.5,58.5
6.54,59
6.57,59
6.6,59
6.64,59
6.67,58.5
6.7,59.16
6.74,58.5
6.77,59.03
6.8,58.5
6.84,59.29
6.87,59.18
6.9,59.16
6.94,59.5
6.97,59.22
7,59.09
7.04,59.64
7.07,58.5
7.1,58.53
7.14,58.95
7.17,58.5
7.2,59.15
7.24,58.07
7.27,58.9
7.3,58.6
7.34,58.44
7.37,58
7.4,58.12
7.44,52.5
7.47,-1
7.5,-1
7.54,-1
7.57,6.74
7.6,45.5
7.64,56
7.67,56
7.7,57
7.74,57
7.77,57
7.8,57.28
7.84,57.05
7.87,57.34
7.9,58.03
7.94,58.11
7.97,58.56
8,58.65
8.04,58.44
8.07,58.29
8.1,58.26
8.14,58.81
8.17,57.81
8.2,58.72
8.24,59.05
8.27,59
8.3,58.22
8.34,58.5
8.37,58.65
8.4,58.64
8.44,58.85
8.47,59.13
8.5,58.76
8.54,58.34
8.57,58.62
8.6,58.62
8.64,58.38
8.67,58.43
8.7,58.63
8.74,58.66
8.77,58.89
8.8,58.25
8.84,58.31
8.87,58.34
8.9,59.77
8.94,59.3
8.97,59.24
9,59.18
9.04,59.34
9.07,59.39
9.1,58.59
9.14,58.64
9.17,58.69
9.2,58.77
9.24,59.68
9.27,59.08
9.3,59.25
9.34,59.15
9.37,59.23
9.4,59.03
9.44,59.01
9.47,59.04
9.5,59.22
9.54,58.57
9.57,58.76
9.6,58.68
9.64,59.52
9.67,58.62
9.7,59.13
9.74,59.04
9.77,59.28
9.8,59.15
9.84,58.98
9.87,57.76
9.91,57.25
9.94,55.6
9.97,55.28
10.01,54.24
10.04,54.28
10.07,54.12
10.1,53.96
10.14,53.43
10.17,53.43
10.21,53.51
10.24,53.54
10.27,54.14
10.3,53.79
10.34,53.88
10.37,53.35
10.4,52.92
10.44,53.33
10.47,53.27
10.5,53.14
10.54,52.95
10.57,52.65
10.6,53.18
10.64,52.99
10.67,53.35
10.71,52.8
10.74,53.94
10.77,54.06
10.8,54.32
10.84,54.41
10.87,54.12
10.9,54.83
10.94,55.62
10.97,56.01
11,56.3
11.04,56.77
11.07,56.54
11.11,56.64
11.14,57.4
11.17,56.92
11.2,57.33
11.24,57.87
11.27,57.56
11.31,57.09
11.34,57.65
11.37,57.79
11.4,56.79
11.44,56.97
11.47,57.45
11.51,57.62
11.54,56.58
11.57,51
11.61,48.04
11.64,51.5
11.67,56
11.7,57.85
11.74,57
11.77,57.04
11.81,57.5
11.84,57.89
11.87,57.92
11.9,58.08
11.94,58.17
11.97,58
12,50.28
12.04,-1
12.07,-1
12.1,-1
12.14,-1
12.17,41
12.2,54
12.24,58.13
12.27,57.95
12.3,58.35
12.34,58.43
12.37,58.82
12.4,59
12.44,58.83
12.47,58
12.5,57.66
12.54,58
12.57,58.6
12.6,58.42
12.64,58.37
12.67,58.1
12.7,58
12.74,58.28
12.77,58.32
12.8,59
12.84,58.21
12.87,58.09
12.9,58.3
12.94,59.07
12.97,58.5
13,59.5
13.04,58.76
13.07,58
13.1,57.95
13.14,58.33
13.17,58.14
13.2,58.24
13.24,57.56
13.27,58.87
13.3,59.12
13.34,59
13.37,59.12
13.4,59.47
13.44,59.5
13.47,58
13.5,58.43
13.54,57.63
13.57,57
13.6,57.55
13.64,58.64
13.67,57.26
13.7,58
13.74,58.57
13.77,58.09
13.8,58.4
13.84,59.15
13.87,59.19
13.9,59.5
13.94,60.07
13.97,59.77
14,59.3
14.04,59.85
14.07,59.69
14.1,60.17
14.14,59.7
14.17,59.5
14.2,58.58
14.24,55.5
14.27,20
14.3,-1
14.34,21.5
14.37,51.5
14.4,58.5
14.44,59.8
14.47,59.38
14.5,59.58
14.54,59.67
14.57,59.22
14.6,60.42
14.63,60.39
14.67,59.97
14.7,60
14.74,60
14.77,60.77
14.8,60.08
14.84,60.35
14.87,60.47
14.9,60.13
14.94,60.58
14.97,60.19
15,60.5
15.04,60.88
15.07,59.77
15.1,60.78
15.14,60.48
15.17,60.4
15.2,59.99
15.24,57.06
15.27,-1
15.3,-1
15.34,-1
15.37,-1
15.4,-1
15.44,44.5
15.47,56
15.5,58
15.54,58.32
15.57,57.58
15.6,58.24
15.64,58.15
15.67,58.99
15.71,58.94
15.74,59.75
15.77,59.55
15.8,59.93
15.84,60.02
15.87,60.18
15.9,60.01
15.94,60.53
15.97,60.89
16,60.73
16.04,60.82
16.07,60.36
16.11,61.01
16.14,60.28
16.17,60.21
16.2,60.18
16.24,60.55
16.27,60.25
16.31,59.31
16.34,58.91
16.37,58.1
16.4,58.46
16.44,57.63
16.47,56.82
16.51,57.47
16.54,56.72
16.57,56.73
16.61,56.86
16.64,55.87
16.67,56.75
16.7,56.63
16.74,57.06
16.77,57.22
16.81,56.77
16.83,57.96
16.87,58.4
16.9,58.05
16.94,58.68
16.97,58.41
17,58.39
17.04,59.09
17.07,56.82
17.11,56.2
17.14,54.02
17.17,53.5
17.21,51.81
17.24,50.24
17.27,48.95
17.3,47.35
17.34,46.59
17.37,46.04
17.4,44.91
17.44,44.74
17.47,44
17.5,43.15
17.54,42.8
17.57,41.93
17.6,41.75
17.64,41.65
17.67,41.48
17.71,40
17.74,39.84
17.77,39.67
17.81,39.5
17.84,39.5
17.87,39.16
17.9,38.75
17.94,37.91
17.97,38
18,38.32
18.04,36.24
18.07,16
18.1,-1
18.14,-1
18.17,-1
18.2,33.5
18.24,35.03
18.27,35.43
18.3,35
18.34,35.39
18.37,36
18.4,35.8
18.44,35.03
18.47,35.52
18.51,36.54
18.54,36.29
18.57,37
18.6,37
18.64,36.83
18.67,37
18.71,37
18.74,36.37
18.77,36.41
18.81,36.39
18.84,35.86
18.87,35.5
18.9,35.58
18.94,35.45
18.97,35.09
19.01,35.5
19.04,35.14
19.07,34.5
19.1,34.24
19.14,33.79
19.17,33.81
19.21,33.92
19.24,33.9
19.27,34.33
19.3,34.27
19.34,34.15
19.37,33.45
19.4,34
19.44,33.5
19.47,33
19.5,33
19.54,32.5
19.57,32.84
19.6,32.5
19.64,31.83
19.67,31.59
19.7,31.88
19.74,32
19.77,31.37
19.8,31.46
19.84,30.93
19.87,30.5
19.91,30.5
19.94,31.03
19.97,30.5
20,29.7
20.04,29.5
20.07,30.45
20.1,29.96
20.14,30
20.17,29.4
20.21,29.58
20.24,30
20.27,29.5
20.31,30.02
20.34,30.07
20.37,30.18
20.41,30.37
20.44,30.37
20.47,29.5
20.51,30
20.54,29.82
20.57,29.5
20.61,29.5
20.64,29.58
20.67,30
20.71,30.06
20.74,29.88
20.77,29.73
20.8,29.35
20.84,29.05
20.87,29.33
20.91,29.31
20.93,29.42
20.97,29.5
21.01,29.65
21.03,29.18
21.07,29.53
21.11,29
21.14,29.39
21.17,28.75
21.2,28
21.24,28
21.27,27.86
21.3,28
21.34,27.73
21.37,27.42
21.41,27.75
21.44,27.93
21.47,27.35
21.5,27.5
21.54,28
21.57,27.56
21.6,27.57
21.64,27.55
21.67,27.55
21.7,27.48
21.74,27.5
21.77,26.85
21.8,26.93
21.84,26.91
21.87,26.87
21.9,26.96
21.94,27.04
21.97,26.63
22.01,26.07
22.04,24.5
22.07,24.76
22.1,25
22.14,25.96
22.17,25.56
22.2,26
22.24,26.2
22.27,25.68
22.31,26
22.34,25.87
22.37,26.73
22.4,27
22.44,26.87
22.47,27.5
22.51,27.75
22.54,27.36
22.57,27.94
22.61,27.93
22.64,28
22.67,27
22.7,27.09
22.74,26.5
22.77,26.87
22.81,26.93
22.83,26.83
22.87,26.63
22.91,26.5
22.93,26.5
22.97,26.5
23,26.43
23.04,25.74
23.07,26
23.1,26.5
23.14,26.59
23.17,26.5
23.2,26.69
23.24,26.57
23.27,26
23.3,26.37
23.34,26.5
23.37,26.66
23.4,26.63
23.44,26.41
23.47,26.5
23.5,26.5
23.54,26.5
23.57,25.79
23.6,26.27
23.64,26
23.67,26
23.71,25.83
23.74,26.07
23.77,25.95
23.8,25.96
23.84,25.5
23.87,26.05
23.9,26
23.93,25.58
23.97,25.41
24.01,25.37
24.04,24.8
24.07,23
24.11,11.5
24.14,-1
24.17,-1
24.2,13.53
24.24,22
24.27,24.5
24.31,25.76
24.33,26.5
24.37,26
24.41,26.16
24.44,27
24.47,26.89
24.51,27.93
24.54,28.08
24.57,28.5
24.6,27.84
24.64,27.73
24.67,27.78
24.71,27.06
24.73,26.43
24.77,26.5
24.81,26.41
24.84,26.02
24.87,25.5
24.9,25.42
24.94,25.5
24.97,25.29
25,25
25.04,24.75
25.07,25
25.1,24.3
25.14,25
25.17,25
25.2,25.21
25.24,24.5
25.27,24.59
25.31,25
25.34,25.07
25.37,24.5
25.4,24.95
25.44,25.52
25.47,25
25.5,25.07
25.54,25
25.57,24.68
25.6,24.5
25.64,25
25.67,25.06
25.7,25
25.74,24.71
25.77,25
25.8,24.59
25.84,25.05
25.87,24.79
25.91,24.58
25.94,24.17
25.97,24.17
26,24.4
26.03,25.5
26.07,24.94
26.11,24.9
26.14,24.5
26.17,25.05
26.2,25
26.24,24.83
26.27,25.6
26.31,25.92
26.34,26.5
26.37,26.6
26.4,27.5
26.44,27.91
26.47,28.5
26.51,28.5
26.54,28.61
26.57,29.8
26.61,31
26.64,30.94
26.67,31.74
26.7,31.5
26.74,32
26.77,32.57
26.8,32.88
26.84,33.06
26.87,32.39
26.9,33
26.94,33.57
26.97,34.21
27,34
27.04,33.88
27.07,34.17
27.1,34.5
27.14,35.5
27.17,36
27.2,35.5
27.24,36.43
27.27,36.58
27.31,37
27.34,37
27.37,37.26
27.41,37.17
27.44,37.5
27.47,38.5
27.51,38.5
27.53,38.5
27.57,38.95
27.61,38.57
27.64,39.86
27.67,39.5
27.7,40.45
27.74,40
27.77,40.47
27.81,40.5
27.84,40.77
27.87,40.5
27.9,41.14
27.94,41.26
27.97,41.5
28,41.27
28.04,40.5
28.07,40.5
28.11,41.35
28.14,41
28.17,41.5
28.2,42
28.24,41.5
28.27,41.5
28.31,40.98
28.34,42.04
28.37,42.02
28.41,41.5
28.44,42.26
28.47,42.69
28.5,42.5
28.54,42.38
28.57,42
28.61,41.87
28.64,41.99
28.67,42.5
28.71,43.03
28.73,41.5
28.77,41.5
28.81,42
28.84,42.75
28.87,41.93
28.9,41.81
28.94,42.87
28.97,41.94
29,41.3
29.04,41.5
29.07,38.5
29.11,36
29.14,40
29.17,42.02
29.21,42.02
29.24,42.92
29.27,42.94
29.31,42.52
29.34,42.79
29.37,42.5
29.41,41.51
29.44,20.5
29.47,-1
29.51,-1
29.54,1
29.57,34.54
29.6,41.5
29.63,43.5
29.67,44.05
29.71,43.63
29.74,44.5
29.77,44
29.81,43.76
29.84,44
29.87,44.5
29.9,44.39
29.94,44.5
29.97,44
30.01,44.02
30.04,45
30.07,44.5
30.11,44.5
30.14,44.96
30.17,45
30.2,45
30.24,44
30.27,45.2
30.31,44
30.34,44.32
30.37,44
30.41,43
30.44,22
30.47,-1
30.51,-1
30.54,-1
30.57,-1
30.61,-1
30.64,16.94
30.67,22.43
30.71,25
30.74,28
30.77,31.46
30.8,39
30.84,42.5
30.87,42.5
30.91,43
30.94,43.01
30.97,43.79
31,43.5
31.04,43.89
31.07,44.91
31.1,44.69
31.14,44.57
31.17,44.57
31.2,44.69
31.24,44.91
31.27,45.35
31.3,45.85
31.33,45.56
31.37,46
31.41,45.54
31.44,46
31.47,45.5
31.51,45.89
31.54,45.74
31.57,45.31
31.61,45.5
31.64,45.34
31.67,44.87
31.71,44.11
31.74,44.43
31.77,44.43
31.81,43.5
31.84,44.21
31.87,43.66
31.91,44.05
31.94,43.7
31.97,44.21
32.01,44.2
32.04,44.5
32.07,44.42
32.11,44.6
32.14,44.89
32.17,44.37
32.2,44.48
32.24,41.96
32.27,39.5
32.31,39.5
32.34,42
32.37,43.62
32.4,44.59
32.44,45
32.47,45.46
32.51,45.02
32.54,43.53
32.57,42.06
32.61,42.57
32.64,44.03
32.67,44.5
32.7,45.71
32.74,45.39
32.77,46.19
32.81,45.9
32.84,45.5
32.87,47.06
32.9,47.06
32.94,47
32.97,47.43
33.01,47
33.04,46.7
33.07,48.03
33.11,47.85
33.14,47.19
33.17,47
33.21,47.41
33.24,48.16
33.27,47.77
33.31,47.63
33.34,47.28
33.37,48.16
33.4,48
33.44,48.54
33.47,47.48
33.51,48.01
33.54,48.52
33.57,48.18
33.61,48
33.64,47.88
33.67,48
33.71,48.2
33.74,48
33.77,47.93
33.8,48.38
33.84,47.71
33.87,48.76
33.91,49.12
33.94,49.01
33.97,49.31
34.01,48.37
34.04,49.71
34.07,49.23
34.11,49.65
34.14,49.5
34.17,49.63
34.21,49.61
34.24,49.83
34.27,49.9
34.31,50.77
34.34,50.14
34.37,50.75
34.41,50.08
34.44,48.5
34.47,23
34.5,-1
34.54,-1
34.57,16.5
34.61,44.5
34.64,50
34.67,49.94
34.7,50.5
34.74,51.73
34.77,51.76
34.8,51.39
34.84,51.56
34.87,51.84
34.91,51.69
34.94,51.5
34.97,52.3
35,53.01
35.03,52
35.07,52.02
35.1,53
35.14,53
35.17,52.5
35.21,52.45
35.24,52.5
35.27,53.49
35.31,53
35.34,52.5
35.37,53.5
35.41,53.22
35.44,53.04
35.47,53.16
35.5,53.24
35.54,52.5
35.57,52.4
35.61,52.36
35.64,51.5
35.67,52
35.71,51.81
35.74,51.53
35.77,50.93
35.8,51.5
35.84,52.15
35.87,51.18
35.9,52.54
35.94,53
35.97,52.5
36,53
36.04,53.33
36.07,53
36.1,53
36.14,52.91
36.17,53.3
36.2,53
36.24,53.22
36.27,53.18
36.31,53.5
36.34,53.31
36.37,54
36.41,54.31
36.44,54.3
36.47,53.71
36.51,54.29
36.54,54.19
36.57,54.23
36.61,54.21
36.64,53.5
36.67,53.73
36.71,53.65
36.74,53.6
36.77,53.95
36.81,53
36.84,53.49
36.87,53.36
36.9,53.89
36.94,53.15
36.97,52.95
37.01,53.79
37.04,53.5
37.07,53.43
37.11,53.5
37.14,53.5
37.17,54.09
37.2,54.55
37.24,54.14
37.27,53.99
37.31,54.33
37.34,54.15
37.37,54.4
37.4,54.62
37.44,54.68
37.47,54.21
37.51,54.37
37.54,54.39
37.57,54.52
37.61,54.92
37.64,54.9
37.67,54.66
37.71,54.55
37.74,54.62
37.77,54.8
37.81,54.95
37.84,55
37.87,54.97
37.9,54.88
37.93,55.1
37.97,55.11
38,54
38.04,54.1
38.07,54.24
38.11,55.25
38.14,55.05
38.17,54.5
38.21,54.83
38.24,54.37
38.27,54.26
38.3,53.97
38.34,53
38.37,53.46
38.4,52.35
38.43,52.54
38.47,54.01
38.5,54
38.54,54.22
38.57,53.16
38.61,53.5
38.64,53.9
38.67,53.58
38.71,54.28
38.74,53.5
38.77,53.62
38.81,53.9
38.84,53.92
38.87,54.5
38.91,54.56
38.94,55.61
38.97,55.61
39.01,55.49
39.04,55.47
39.07,55.81
39.11,56.06
39.14,55.63
39.17,55.57
39.2,55.38
39.24,55.17
39.27,55.78
39.31,55.41
39.34,56.1
39.37,56.05
39.4,55.55
39.44,55.33
39.47,55.89
39.51,55.13
39.54,55.6
39.57,56.45
39.6,56.03
39.64,56
39.67,55.58
39.71,55.5
39.74,55.72
39.77,55.56
39.81,55.56
39.84,55.5
39.87,55.74
39.9,55.91
39.93,56.07
39.97,56.24
40,55.32
40.04,55.66
40.07,56.1
40.11,55.85
40.14,55.29
40.17,55.96
40.21,54.87
40.24,53.96
40.27,53.5
40.31,49
40.34,42
40.37,42.02
40.41,45.5
40.44,47.5
40.47,49
40.5,46.5
40.54,38
40.57,32.5
40.61,30
40.64,30.97
40.67,36
40.7,46.5
40.74,52
40.77,54
40.81,55.5
40.84,54.32
40.87,54.95
40.91,54.5
40.94,54.75
40.97,56
41,55.96
41.04,55.52
41.07,56.5
41.11,56.13
41.14,56.43
41.17,55.52
41.21,55
41.24,52.5
41.27,50
41.3,48.5
41.34,49
41.37,48.53
41.41,47
41.44,44.5
41.47,39
41.5,37
41.54,35
41.57,40
41.6,49
41.63,51.5
41.67,53
41.7,52.58
41.74,52.3
41.77,51.28
41.81,52.16
41.84,52.48
41.87,51.56
41.91,52.31
41.94,52.96
41.97,53.5
42,54.13
42.04,54.3
42.07,54.37
42.11,54.53
42.14,54.85
42.17,54
42.21,54
42.24,54.29
42.27,53.13
42.3,53.42
42.34,53.46
42.37,53.74
42.41,54.34
42.44,53.87
42.47,53.72
42.51,54.48
42.54,54.5
42.57,54.95
42.61,54.5
42.64,54.44
42.67,54
42.71,48
42.74,15
42.77,-1
42.8,-1
42.84,-1
42.87,-1
42.91,-1
42.94,-1
42.97,-1
43,-1
43.04,-1
43.07,-1
43.11,-1
43.14,-1
43.17,-1
43.2,-1
43.24,-1
43.27,-1
43.3,-1
43.34,-1
43.37,-1
43.4,50.57
43.44,53.11
43.47,53.5
43.5,54.5
43.54,54
43.57,54.31
43.6,54.5
43.64,54.5
43.67,54.5
43.71,55.5
43.74,54
43.77,40
43.81,-1
43.84,-1
43.87,-1
43.91,-1
43.94,20.06
43.97,51.5
44.01,54.5
44.04,53.52
44.07,53.58
44.1,54
44.14,54.02
44.17,53.87
44.21,54
44.24,54.22
44.27,54.18
44.3,53.79
44.34,54.19
44.37,54.16
44.41,54.32
44.44,55.06
44.47,55.06
44.51,54.93
44.54,55
44.57,55
44.6,55.33
44.64,55.75
44.67,55.84
44.71,55
44.74,55.32
44.77,55.59
44.8,55.97
44.84,55.19
44.87,55.5
44.9,55.88
44.94,56
44.97,55.5
45.01,55.5
45.04,55.59
45.07,55.77
45.11,55.5
45.14,55.25
45.17,56.19
45.2,56.07
45.23,56.56
45.27,56.03
45.31,56.87
45.34,56.39
45.37,55.59
45.4,56.5
45.44,56.35
45.47,55.66
45.5,56.5
45.54,56.77
45.57,57.11
45.61,56.11
45.64,56.54
45.67,56.11
45.71,56.16
45.74,55.77
45.77,55.64
45.81,56
45.84,55.5
45.87,55.71
45.9,55.5
45.94,55.4
45.97,55.5
46,56.04
46.04,55.94
46.07,56.7
46.1,56
46.14,56
46.17,56.09
46.2,55.84
46.24,55.5
46.27,38.5
46.3,-1
46.34,-1
46.37,-1
46.41,-1
46.44,-1
46.47,39.5
46.51,51.5
46.54,55.5
46.57,56.79
46.6,57
46.64,56.99
46.67,57.31
46.7,56.68
46.74,57.33
46.77,57
46.8,56.5
46.84,57.5
46.87,57.55
46.9,57.2
46.93,57.72
46.97,56.79
47,57.23
47.04,57
47.07,57.35
47.1,57.39
47.14,57.87
47.17,57.35
47.2,57.76
47.24,57.63
47.27,56.92
47.3,57.79
47.34,57.53
47.37,57.99
47.4,57.82
47.44,58
47.47,57.38
47.51,57.06
47.54,57.63
47.57,57.75
47.61,57.01
47.64,55
47.67,54
47.71,53
47.74,55
47.77,55.5
47.81,56.5
47.84,56.1
47.87,56.5
47.91,56
47.94,50.46
47.97,42
48.01,37
48.04,40
48.07,49
48.1,56.05
48.14,58
48.17,56.86
48.21,56.98
48.24,56.15
48.27,55.09
48.31,54.69
48.34,55.15
48.37,54
48.4,53.5
48.44,53.5
48.47,53.18
48.51,53.1
48.54,52.73
48.57,51.32
48.61,50.49
48.64,50.2
48.67,48.44
48.7,48
48.74,46.72
48.77,46.9
48.81,45.15
48.84,44.31
48.87,44.12
48.91,42.63
48.94,43
48.97,42.57
49,42
49.04,42
49.07,41
49.1,40.95
49.14,39.73
49.17,39.96
49.21,38.71
49.24,38.5
49.27,39.04
49.31,38.32
49.34,38.52
49.37,37.5
49.41,36.93
49.44,37.46
49.47,37.47
49.51,37
49.54,36.58
49.57,37
49.61,36.5
49.64,35.57
49.67,36.01
49.7,36.06
49.74,36
49.77,36
49.8,35.5
49.84,35.55
49.87,35.5
49.9,34.91
49.94,35.46
49.97,35
50,34.11
50.04,34.99
50.07,33.9
50.1,34.09
50.14,34.5
50.17,33.32
50.2,33
50.24,33.5
50.27,32.85
50.3,32
50.34,32.83
50.37,32
50.4,32
50.44,32
50.47,31.64
50.51,31.43
50.54,32
50.57,31.23
50.61,31
50.64,31.06
50.67,30.91
50.71,31
50.74,31.19
50.77,30.3
50.8,30.94
50.84,30.8
50.87,31
50.9,30.13
50.94,30.41
50.97,30.76
51,30.23
51.04,30.72
51.07,30.17
51.1,30.11
51.14,30.5
51.17,30
51.2,29.85
51.24,30.1
51.27,29.59
51.31,29.61
51.34,29.07
51.37,29.24
51.41,28.85
51.44,28.42
51.47,28
51.5,27.71
51.54,28
51.57,27.8
51.6,27
51.64,27.35
51.67,27.52
51.7,26.5
51.74,26.65
51.77,26.58
51.8,26.5
51.84,26.47
51.87,25.77
51.91,25.77
51.94,26.63
51.97,26
52.01,26.42
52.04,26.5
52.07,26.5
52.11,27
52.14,26.91
52.17,27.5
52.21,26.5
52.24,26.91
52.27,27.54
52.3,27.5
52.34,27.5
52.37,27.5
52.4,27.56
52.44,28
52.47,27.96
52.5,27.91
52.54,28.5
52.57,27.5
52.6,27.5
52.64,26.4
52.67,23
52.7,16.5
52.74,-1
52.77,-1
52.8,-1
52.84,-1
52.87,-1
52.9,-1
52.94,4.5
52.97,15.55
53.01,23.5
53.04,24.5
53.07,24.5
53.11,25
53.14,25.95
53.17,25.5
53.21,27.5
53.24,29
53.27,29.93
53.31,30.03
53.34,31.5
53.37,31.5
53.4,31.5
53.43,32.03
53.47,32.03
53.5,32
53.53,32
53.57,31.58
53.6,30.46
53.64,29.5
53.67,28.82
53.71,28.23
53.74,27.66
53.77,27
53.81,26
53.84,26
53.87,25.38
53.9,25
53.93,25
53.97,24.9
54,24.33
54.04,25.04
54.07,25
54.1,24.22
54.13,24.43
54.17,23.79
54.2,24
54.24,24.5
54.27,23.9
54.3,24.5
54.33,25.08
54.37,24.94
54.4,25
54.44,24.5
54.47,24.97
54.5,25.5
54.54,25.03
54.57,25.12
54.6,24.89
54.63,25.5
54.67,25
54.71,24.99
54.74,25
54.77,25
54.81,25.08
54.84,25.04
54.87,24.4
54.91,22
54.94,15
54.97,15
55,19.5
55.04,24
55.07,25
55.1,25.14
55.13,25
55.17,25.44
55.2,25
55.23,25.11
55.27,25.5
55.3,26
55.34,26.96
55.37,27
55.4,26.85
55.43,27
55.47,27.17
55.5,27
55.53,26.97
55.57,27
55.61,26.5
55.64,25.5
55.67,25.5
55.71,25.11
55.74,25.56
55.77,25.7
55.81,25.5
55.84,25.56
55.87,25
55.91,24.76
55.94,24.5
55.97,25.5
56,25.5
56.03,24.5
56.07,25
56.1,25.5
56.14,24.64
56.17,25.5
56.2,26.01
56.23,25.38
56.27,25.9
56.3,25.81
56.33,25.21
56.37,26
56.4,26
56.44,26
56.47,25.5
56.5,25.88
56.53,25.59
56.57,25.86
56.6,26
56.63,26
56.67,25.5
56.7,26
56.74,26.5
56.77,26
56.8,26
56.83,25.93
56.87,26
56.9,26.21
56.93,25.68
56.97,26
57,26.39
57.04,26
57.07,26
57.1,26.5
57.13,26
57.17,25.89
57.21,25.83
57.24,26.5
57.27,26.5
57.31,26.27
57.34,26.5
57.37,26.9
57.41,27.56
57.44,28
57.47,28.5
57.5,29.5
57.54,28.8
57.57,29.5
57.6,29.69
57.64,30.5
57.67,30.01
57.7,30.85
57.74,31.44
57.77,31.37
57.8,31.69
57.83,31.81
57.87,32
57.9,32.89
57.94,32.56
57.97,32.5
58,33.24
58.03,33.5
58.07,33.42
58.1,33.83
58.13,34
58.17,34.16
58.21,34.5
58.24,34.95
58.27,34.5
58.31,34.83
58.34,35
58.37,35.37
58.41,36.06
58.44,36.5
58.47,36
58.5,36.5
58.54,37
58.57,37.29
58.6,37
58.64,37.5
58.67,37.94
58.7,37.55
58.74,38.23
58.77,38.57
58.8,38.06
58.84,38.56
58.87,38.64
58.9,38.5
58.94,38.88
58.97,38.5
59,39
59.04,39.18
59.07,39.5
59.1,39.7
59.14,39
59.17,38.5
59.2,39.3
59.24,39.65
59.27,40.19
59.3,39.82
59.34,39.74
59.37,40
59.4,40.16
59.44,40
59.47,40.68
59.5,40.52
59.54,41
59.57,41.15
59.6,41
59.64,40.94
59.67,40.5
59.7,41
59.74,41
59.77,42
59.8,41.5
59.84,41.7
59.87,41.45
59.9,42.3
59.94,42.39
59.97,42.11
60,42
60.04,41.81
60.07,41.5
60.1,42
60.14,42.98
60.17,42.5
60.2,42.5
60.24,42.47
60.27,42.63
60.3,43.44
60.34,43.5
60.37,42.55
60.4,43.07
60.44,44
60.47,43.66
60.5,43.92
60.54,43.92
60.57,43.34
60.61,43.5
60.64,43
60.67,36.95
60.71,31
60.74,37
60.77,40.5
60.81,43
60.84,43.5
60.87,44
60.9,44.19
60.94,44.2
60.97,45
61,44.1
61.04,44.71
61.07,45
61.1,44
61.13,44.4
61.17,44.5
61.2,45.29
61.24,45.31
61.27,45
61.3,45.55
61.33,45.21
61.37,45.73
61.4,45.82
61.44,46.04
61.47,45.43
61.5,45
61.53,44.5
61.57,39.5
61.6,34
61.64,24
61.67,22
61.7,23.5
61.74,22.5
61.77,22
61.8,18.5
61.84,9
61.87,-1
61.9,-1
61.94,-1
61.97,-1
62,-1
62.04,-1
62.07,-1
62.1,14
62.14,20.5
62.17,34
62.2,40
62.23,45
62.27,47
62.3,46.29
62.34,45.5
62.37,46.28
62.4,47.2
62.44,47
62.47,47.57
62.5,47.51
62.54,46.5
62.57,46.84
62.6,46.08
62.64,46.39
62.67,46.5
62.7,46.1
62.74,45.5
62.77,46.7
62.8,46.53
62.84,45.55
62.87,44
62.9,41.55
62.94,38.47
62.97,30
63,27
63.03,26.5
63.07,29
63.1,31.02
63.14,33.5
63.17,35.5
63.2,36
63.24,38
63.27,40.5
63.3,43
63.34,46
63.37,47.15
63.4,46.5
63.43,46.82
63.47,46.89
63.5,47.16
63.53,47
63.57,47
63.6,47.5
63.63,47.22
63.67,48.3
63.7,48.27
63.74,48.5
63.77,48.72
63.8,48.91
63.84,49.31
63.87,49.46
63.9,48.5
63.94,49.56
63.97,49.87
64,49.22
64.03,49
64.07,49.48
64.1,48.24
64.14,48.5
64.17,47.46
64.2,42
64.24,25
64.27,18.5
64.3,16.44
64.33,12
64.37,-1
64.4,-1
64.44,-1
64.47,-1
64.5,-1
64.53,-1
64.57,-1
64.6,-1
64.63,34.54
64.67,43.5
64.7,47.03
64.74,49.5
64.77,49.94
64.8,49.99
64.83,48.5
64.87,48.71
64.9,50.11
64.94,50
64.97,49.5
65,49.87
65.03,50
65.07,49.5
65.1,50.5
65.13,50
65.17,49.27
65.2,50.17
65.23,49.79
65.27,49.76
65.3,49.91
65.34,50.5
65.37,50.55
65.4,50.49
65.43,50.45
65.47,50.17
65.5,50.55
65.54,50.27
65.57,50.5
65.6,49.96
65.63,41.5
65.67,7
65.7,-1
65.74,-1
65.77,-1
65.8,19
65.84,40.53
65.87,48
65.9,50
65.93,49.32
65.97,50.47
66,50.17
66.03,50.11
66.07,50.55
66.1,51.6
66.14,51
66.17,51.34
66.2,52
66.24,52
66.27,52.03
66.3,51.72
66.34,51.8
66.37,52.4
66.4,52
66.44,51.8
66.47,51.84
66.5,52
66.53,52.34
66.57,52.5
66.6,53
66.64,53.34
66.67,53.5
66.71,53.07
66.74,54
66.77,53
66.8,53.5
66.84,53.5
66.87,52.69
66.9,52.34
66.94,52
66.97,51.61
67,51.14
67.04,51.5
67.07,52.06
67.1,52.06
67.14,48
67.17,48
67.2,48
67.23,48
67.17,48
